county,state,population_2010,confirmed,deaths,Unspecialized,CASE PERCAP,ICU PERCAP
New York,New York,1585873,4,0,653,00.00000252,00.00041176
Westchester,New York,949113,33,0,148,00.00003477,00.00015594
Kings,New York,2504700,1,0,301,00.00000040,00.00012017
Nassau,New York,1339532,4,0,265,00.00000299,00.00019783
Rockland,New York,311687,2,0,35,00.00000642,00.00011229
