county,state,population_2010,confirmed,deaths,Unspecialized,CASE PERCAP,ICU PERCAP
New York,New York,1585873,7,0,653,00.00000441,00.00041176
Westchester,New York,949113,69,0,148,00.00007270,00.00015594
Kings,New York,2504700,4,0,301,00.00000160,00.00012017
Nassau,New York,1339532,4,0,265,00.00000299,00.00019783
Rockland,New York,311687,2,0,35,00.00000642,00.00011229
Saratoga,New York,219607,2,0,12,00.00000911,00.00005464
Queens,New York,2230722,1,0,191,00.00000045,00.00008562
